State,County,ID
AL,Autauga County,0
AL,Baldwin County,1
AL,Barbour County,2
AL,Bibb County,3
AL,Blount County,4
AL,Bullock County,5
AL,Butler County,6
AL,Calhoun County,7
AL,Chambers County,8
AL,Cherokee County,9
AL,Chilton County,10
AL,Choctaw County,11
AL,Clarke County,12
AL,Clay County,13
AL,Cleburne County,14
AL,Coffee County,15
AL,Colbert County,16
AL,Conecuh County,17
AL,Coosa County,18
AL,Covington County,19
AL,Crenshaw County,20
AL,Cullman County,21
AL,Dale County,22
AL,Dallas County,23
AL,DeKalb County,24
AL,Elmore County,25
AL,Escambia County,26
AL,Etowah County,27
AL,Fayette County,28
AL,Franklin County,29
AL,Geneva County,30
AL,Greene County,31
AL,Hale County,32
AL,Henry County,33
AL,Houston County,34
AL,Jackson County,35
AL,Jefferson County,36
AL,Lamar County,37
AL,Lauderdale County,38
AL,Lawrence County,39
AL,Lee County,40
AL,Limestone County,41
AL,Lowndes County,42
AL,Macon County,43
AL,Madison County,44
AL,Marengo County,45
AL,Marion County,46
AL,Marshall County,47
AL,Mobile County,48
AL,Monroe County,49
AL,Montgomery County,50
AL,Morgan County,51
AL,Perry County,52
AL,Pickens County,53
AL,Pike County,54
AL,Randolph County,55
AL,Russell County,56
AL,St. Clair County,57
AL,Shelby County,58
AL,Sumter County,59
AL,Talladega County,60
AL,Tallapoosa County,61
AL,Tuscaloosa County,62
AL,Walker County,63
AL,Washington County,64
AL,Wilcox County,65
AL,Winston County,66
AK,Aleutians East Borough,67
AK,Aleutians West Census Area,68
AK,Anchorage Municipality,69
AK,Bethel Census Area,70
AK,Bristol Bay Borough,71
AK,Denali Borough,72
AK,Dillingham Census Area,73
AK,Fairbanks North Star Borough,74
AK,Haines Borough,75
AK,Hoonah-Angoon Census Area,76
AK,Juneau City and Borough,77
AK,Kenai Peninsula Borough,78
AK,Ketchikan Gateway Borough,79
AK,Kodiak Island Borough,80
AK,Lake and Peninsula Borough,81
AK,Matanuska-Susitna Borough,82
AK,Nome Census Area,83
AK,North Slope Borough,84
AK,Northwest Arctic Borough,85
AK,Petersburg Census Area,86
AK,Prince of Wales-Hyder Census Area,87
AK,Sitka City and Borough,88
AK,Skagway Municipality,89
AK,Southeast Fairbanks Census Area,90
AK,Valdez-Cordova Census Area,91
AK,Wade Hampton Census Area,92
AK,Wrangell City and Borough,93
AK,Yakutat City and Borough,94
AK,Yukon-Koyukuk Census Area,95
AZ,Apache County,96
AZ,Cochise County,97
AZ,Coconino County,98
AZ,Gila County,99
AZ,Graham County,100
AZ,Greenlee County,101
AZ,La Paz County,102
AZ,Maricopa County,103
AZ,Mohave County,104
AZ,Navajo County,105
AZ,Pima County,106
AZ,Pinal County,107
AZ,Santa Cruz County,108
AZ,Yavapai County,109
AZ,Yuma County,110
AR,Arkansas County,111
AR,Ashley County,112
AR,Baxter County,113
AR,Benton County,114
AR,Boone County,115
AR,Bradley County,116
AR,Calhoun County,117
AR,Carroll County,118
AR,Chicot County,119
AR,Clark County,120
AR,Clay County,121
AR,Cleburne County,122
AR,Cleveland County,123
AR,Columbia County,124
AR,Conway County,125
AR,Craighead County,126
AR,Crawford County,127
AR,Crittenden County,128
AR,Cross County,129
AR,Dallas County,130
AR,Desha County,131
AR,Drew County,132
AR,Faulkner County,133
AR,Franklin County,134
AR,Fulton County,135
AR,Garland County,136
AR,Grant County,137
AR,Greene County,138
AR,Hempstead County,139
AR,Hot Spring County,140
AR,Howard County,141
AR,Independence County,142
AR,Izard County,143
AR,Jackson County,144
AR,Jefferson County,145
AR,Johnson County,146
AR,Lafayette County,147
AR,Lawrence County,148
AR,Lee County,149
AR,Lincoln County,150
AR,Little River County,151
AR,Logan County,152
AR,Lonoke County,153
AR,Madison County,154
AR,Marion County,155
AR,Miller County,156
AR,Mississippi County,157
AR,Monroe County,158
AR,Montgomery County,159
AR,Nevada County,160
AR,Newton County,161
AR,Ouachita County,162
AR,Perry County,163
AR,Phillips County,164
AR,Pike County,165
AR,Poinsett County,166
AR,Polk County,167
AR,Pope County,168
AR,Prairie County,169
AR,Pulaski County,170
AR,Randolph County,171
AR,St. Francis County,172
AR,Saline County,173
AR,Scott County,174
AR,Searcy County,175
AR,Sebastian County,176
AR,Sevier County,177
AR,Sharp County,178
AR,Stone County,179
AR,Union County,180
AR,Van Buren County,181
AR,Washington County,182
AR,White County,183
AR,Woodruff County,184
AR,Yell County,185
CA,Alameda County,186
CA,Alpine County,187
CA,Amador County,188
CA,Butte County,189
CA,Calaveras County,190
CA,Colusa County,191
CA,Contra Costa County,192
CA,Del Norte County,193
CA,El Dorado County,194
CA,Fresno County,195
CA,Glenn County,196
CA,Humboldt County,197
CA,Imperial County,198
CA,Inyo County,199
CA,Kern County,200
CA,Kings County,201
CA,Lake County,202
CA,Lassen County,203
CA,Los Angeles County,204
CA,Madera County,205
CA,Marin County,206
CA,Mariposa County,207
CA,Mendocino County,208
CA,Merced County,209
CA,Modoc County,210
CA,Mono County,211
CA,Monterey County,212
CA,Napa County,213
CA,Nevada County,214
CA,Orange County,215
CA,Placer County,216
CA,Plumas County,217
CA,Riverside County,218
CA,Sacramento County,219
CA,San Benito County,220
CA,San Bernardino County,221
CA,San Diego County,222
CA,San Francisco County,223
CA,San Joaquin County,224
CA,San Luis Obispo County,225
CA,San Mateo County,226
CA,Santa Barbara County,227
CA,Santa Clara County,228
CA,Santa Cruz County,229
CA,Shasta County,230
CA,Sierra County,231
CA,Siskiyou County,232
CA,Solano County,233
CA,Sonoma County,234
CA,Stanislaus County,235
CA,Sutter County,236
CA,Tehama County,237
CA,Trinity County,238
CA,Tulare County,239
CA,Tuolumne County,240
CA,Ventura County,241
CA,Yolo County,242
CA,Yuba County,243
CO,Adams County,244
CO,Alamosa County,245
CO,Arapahoe County,246
CO,Archuleta County,247
CO,Baca County,248
CO,Bent County,249
CO,Boulder County,250
CO,Broomfield County,251
CO,Chaffee County,252
CO,Cheyenne County,253
CO,Clear Creek County,254
CO,Conejos County,255
CO,Costilla County,256
CO,Crowley County,257
CO,Custer County,258
CO,Delta County,259
CO,Denver County,260
CO,Dolores County,261
CO,Douglas County,262
CO,Eagle County,263
CO,Elbert County,264
CO,El Paso County,265
CO,Fremont County,266
CO,Garfield County,267
CO,Gilpin County,268
CO,Grand County,269
CO,Gunnison County,270
CO,Hinsdale County,271
CO,Huerfano County,272
CO,Jackson County,273
CO,Jefferson County,274
CO,Kiowa County,275
CO,Kit Carson County,276
CO,Lake County,277
CO,La Plata County,278
CO,Larimer County,279
CO,Las Animas County,280
CO,Lincoln County,281
CO,Logan County,282
CO,Mesa County,283
CO,Mineral County,284
CO,Moffat County,285
CO,Montezuma County,286
CO,Montrose County,287
CO,Morgan County,288
CO,Otero County,289
CO,Ouray County,290
CO,Park County,291
CO,Phillips County,292
CO,Pitkin County,293
CO,Prowers County,294
CO,Pueblo County,295
CO,Rio Blanco County,296
CO,Rio Grande County,297
CO,Routt County,298
CO,Saguache County,299
CO,San Juan County,300
CO,San Miguel County,301
CO,Sedgwick County,302
CO,Summit County,303
CO,Teller County,304
CO,Washington County,305
CO,Weld County,306
CO,Yuma County,307
CT,Fairfield County,308
CT,Hartford County,309
CT,Litchfield County,310
CT,Middlesex County,311
CT,New Haven County,312
CT,New London County,313
CT,Tolland County,314
CT,Windham County,315
DE,Kent County,316
DE,New Castle County,317
DE,Sussex County,318
DC,District of Columbia,319
FL,Alachua County,320
FL,Baker County,321
FL,Bay County,322
FL,Bradford County,323
FL,Brevard County,324
FL,Broward County,325
FL,Calhoun County,326
FL,Charlotte County,327
FL,Citrus County,328
FL,Clay County,329
FL,Collier County,330
FL,Columbia County,331
FL,DeSoto County,332
FL,Dixie County,333
FL,Duval County,334
FL,Escambia County,335
FL,Flagler County,336
FL,Franklin County,337
FL,Gadsden County,338
FL,Gilchrist County,339
FL,Glades County,340
FL,Gulf County,341
FL,Hamilton County,342
FL,Hardee County,343
FL,Hendry County,344
FL,Hernando County,345
FL,Highlands County,346
FL,Hillsborough County,347
FL,Holmes County,348
FL,Indian River County,349
FL,Jackson County,350
FL,Jefferson County,351
FL,Lafayette County,352
FL,Lake County,353
FL,Lee County,354
FL,Leon County,355
FL,Levy County,356
FL,Liberty County,357
FL,Madison County,358
FL,Manatee County,359
FL,Marion County,360
FL,Martin County,361
FL,Miami-Dade County,362
FL,Monroe County,363
FL,Nassau County,364
FL,Okaloosa County,365
FL,Okeechobee County,366
FL,Orange County,367
FL,Osceola County,368
FL,Palm Beach County,369
FL,Pasco County,370
FL,Pinellas County,371
FL,Polk County,372
FL,Putnam County,373
FL,St. Johns County,374
FL,St. Lucie County,375
FL,Santa Rosa County,376
FL,Sarasota County,377
FL,Seminole County,378
FL,Sumter County,379
FL,Suwannee County,380
FL,Taylor County,381
FL,Union County,382
FL,Volusia County,383
FL,Wakulla County,384
FL,Walton County,385
FL,Washington County,386
GA,Appling County,387
GA,Atkinson County,388
GA,Bacon County,389
GA,Baker County,390
GA,Baldwin County,391
GA,Banks County,392
GA,Barrow County,393
GA,Bartow County,394
GA,Ben Hill County,395
GA,Berrien County,396
GA,Bibb County,397
GA,Bleckley County,398
GA,Brantley County,399
GA,Brooks County,400
GA,Bryan County,401
GA,Bulloch County,402
GA,Burke County,403
GA,Butts County,404
GA,Calhoun County,405
GA,Camden County,406
GA,Candler County,407
GA,Carroll County,408
GA,Catoosa County,409
GA,Charlton County,410
GA,Chatham County,411
GA,Chattahoochee County,412
GA,Chattooga County,413
GA,Cherokee County,414
GA,Clarke County,415
GA,Clay County,416
GA,Clayton County,417
GA,Clinch County,418
GA,Cobb County,419
GA,Coffee County,420
GA,Colquitt County,421
GA,Columbia County,422
GA,Cook County,423
GA,Coweta County,424
GA,Crawford County,425
GA,Crisp County,426
GA,Dade County,427
GA,Dawson County,428
GA,Decatur County,429
GA,DeKalb County,430
GA,Dodge County,431
GA,Dooly County,432
GA,Dougherty County,433
GA,Douglas County,434
GA,Early County,435
GA,Echols County,436
GA,Effingham County,437
GA,Elbert County,438
GA,Emanuel County,439
GA,Evans County,440
GA,Fannin County,441
GA,Fayette County,442
GA,Floyd County,443
GA,Forsyth County,444
GA,Franklin County,445
GA,Fulton County,446
GA,Gilmer County,447
GA,Glascock County,448
GA,Glynn County,449
GA,Gordon County,450
GA,Grady County,451
GA,Greene County,452
GA,Gwinnett County,453
GA,Habersham County,454
GA,Hall County,455
GA,Hancock County,456
GA,Haralson County,457
GA,Harris County,458
GA,Hart County,459
GA,Heard County,460
GA,Henry County,461
GA,Houston County,462
GA,Irwin County,463
GA,Jackson County,464
GA,Jasper County,465
GA,Jeff Davis County,466
GA,Jefferson County,467
GA,Jenkins County,468
GA,Johnson County,469
GA,Jones County,470
GA,Lamar County,471
GA,Lanier County,472
GA,Laurens County,473
GA,Lee County,474
GA,Liberty County,475
GA,Lincoln County,476
GA,Long County,477
GA,Lowndes County,478
GA,Lumpkin County,479
GA,McDuffie County,480
GA,McIntosh County,481
GA,Macon County,482
GA,Madison County,483
GA,Marion County,484
GA,Meriwether County,485
GA,Miller County,486
GA,Mitchell County,487
GA,Monroe County,488
GA,Montgomery County,489
GA,Morgan County,490
GA,Murray County,491
GA,Muscogee County,492
GA,Newton County,493
GA,Oconee County,494
GA,Oglethorpe County,495
GA,Paulding County,496
GA,Peach County,497
GA,Pickens County,498
GA,Pierce County,499
GA,Pike County,500
GA,Polk County,501
GA,Pulaski County,502
GA,Putnam County,503
GA,Quitman County,504
GA,Rabun County,505
GA,Randolph County,506
GA,Richmond County,507
GA,Rockdale County,508
GA,Schley County,509
GA,Screven County,510
GA,Seminole County,511
GA,Spalding County,512
GA,Stephens County,513
GA,Stewart County,514
GA,Sumter County,515
GA,Talbot County,516
GA,Taliaferro County,517
GA,Tattnall County,518
GA,Taylor County,519
GA,Telfair County,520
GA,Terrell County,521
GA,Thomas County,522
GA,Tift County,523
GA,Toombs County,524
GA,Towns County,525
GA,Treutlen County,526
GA,Troup County,527
GA,Turner County,528
GA,Twiggs County,529
GA,Union County,530
GA,Upson County,531
GA,Walker County,532
GA,Walton County,533
GA,Ware County,534
GA,Warren County,535
GA,Washington County,536
GA,Wayne County,537
GA,Webster County,538
GA,Wheeler County,539
GA,White County,540
GA,Whitfield County,541
GA,Wilcox County,542
GA,Wilkes County,543
GA,Wilkinson County,544
GA,Worth County,545
HI,Hawaii County,546
HI,Honolulu County,547
HI,Kalawao County,548
HI,Kauai County,549
HI,Maui County,550
ID,Ada County,551
ID,Adams County,552
ID,Bannock County,553
ID,Bear Lake County,554
ID,Benewah County,555
ID,Bingham County,556
ID,Blaine County,557
ID,Boise County,558
ID,Bonner County,559
ID,Bonneville County,560
ID,Boundary County,561
ID,Butte County,562
ID,Camas County,563
ID,Canyon County,564
ID,Caribou County,565
ID,Cassia County,566
ID,Clark County,567
ID,Clearwater County,568
ID,Custer County,569
ID,Elmore County,570
ID,Franklin County,571
ID,Fremont County,572
ID,Gem County,573
ID,Gooding County,574
ID,Idaho County,575
ID,Jefferson County,576
ID,Jerome County,577
ID,Kootenai County,578
ID,Latah County,579
ID,Lemhi County,580
ID,Lewis County,581
ID,Lincoln County,582
ID,Madison County,583
ID,Minidoka County,584
ID,Nez Perce County,585
ID,Oneida County,586
ID,Owyhee County,587
ID,Payette County,588
ID,Power County,589
ID,Shoshone County,590
ID,Teton County,591
ID,Twin Falls County,592
ID,Valley County,593
ID,Washington County,594
IL,Adams County,595
IL,Alexander County,596
IL,Bond County,597
IL,Boone County,598
IL,Brown County,599
IL,Bureau County,600
IL,Calhoun County,601
IL,Carroll County,602
IL,Cass County,603
IL,Champaign County,604
IL,Christian County,605
IL,Clark County,606
IL,Clay County,607
IL,Clinton County,608
IL,Coles County,609
IL,Cook County,610
IL,Crawford County,611
IL,Cumberland County,612
IL,DeKalb County,613
IL,De Witt County,614
IL,Douglas County,615
IL,DuPage County,616
IL,Edgar County,617
IL,Edwards County,618
IL,Effingham County,619
IL,Fayette County,620
IL,Ford County,621
IL,Franklin County,622
IL,Fulton County,623
IL,Gallatin County,624
IL,Greene County,625
IL,Grundy County,626
IL,Hamilton County,627
IL,Hancock County,628
IL,Hardin County,629
IL,Henderson County,630
IL,Henry County,631
IL,Iroquois County,632
IL,Jackson County,633
IL,Jasper County,634
IL,Jefferson County,635
IL,Jersey County,636
IL,Jo Daviess County,637
IL,Johnson County,638
IL,Kane County,639
IL,Kankakee County,640
IL,Kendall County,641
IL,Knox County,642
IL,Lake County,643
IL,LaSalle County,644
IL,Lawrence County,645
IL,Lee County,646
IL,Livingston County,647
IL,Logan County,648
IL,McDonough County,649
IL,McHenry County,650
IL,McLean County,651
IL,Macon County,652
IL,Macoupin County,653
IL,Madison County,654
IL,Marion County,655
IL,Marshall County,656
IL,Mason County,657
IL,Massac County,658
IL,Menard County,659
IL,Mercer County,660
IL,Monroe County,661
IL,Montgomery County,662
IL,Morgan County,663
IL,Moultrie County,664
IL,Ogle County,665
IL,Peoria County,666
IL,Perry County,667
IL,Piatt County,668
IL,Pike County,669
IL,Pope County,670
IL,Pulaski County,671
IL,Putnam County,672
IL,Randolph County,673
IL,Richland County,674
IL,Rock Island County,675
IL,St. Clair County,676
IL,Saline County,677
IL,Sangamon County,678
IL,Schuyler County,679
IL,Scott County,680
IL,Shelby County,681
IL,Stark County,682
IL,Stephenson County,683
IL,Tazewell County,684
IL,Union County,685
IL,Vermilion County,686
IL,Wabash County,687
IL,Warren County,688
IL,Washington County,689
IL,Wayne County,690
IL,White County,691
IL,Whiteside County,692
IL,Will County,693
IL,Williamson County,694
IL,Winnebago County,695
IL,Woodford County,696
IN,Adams County,697
IN,Allen County,698
IN,Bartholomew County,699
IN,Benton County,700
IN,Blackford County,701
IN,Boone County,702
IN,Brown County,703
IN,Carroll County,704
IN,Cass County,705
IN,Clark County,706
IN,Clay County,707
IN,Clinton County,708
IN,Crawford County,709
IN,Daviess County,710
IN,Dearborn County,711
IN,Decatur County,712
IN,DeKalb County,713
IN,Delaware County,714
IN,Dubois County,715
IN,Elkhart County,716
IN,Fayette County,717
IN,Floyd County,718
IN,Fountain County,719
IN,Franklin County,720
IN,Fulton County,721
IN,Gibson County,722
IN,Grant County,723
IN,Greene County,724
IN,Hamilton County,725
IN,Hancock County,726
IN,Harrison County,727
IN,Hendricks County,728
IN,Henry County,729
IN,Howard County,730
IN,Huntington County,731
IN,Jackson County,732
IN,Jasper County,733
IN,Jay County,734
IN,Jefferson County,735
IN,Jennings County,736
IN,Johnson County,737
IN,Knox County,738
IN,Kosciusko County,739
IN,LaGrange County,740
IN,Lake County,741
IN,LaPorte County,742
IN,Lawrence County,743
IN,Madison County,744
IN,Marion County,745
IN,Marshall County,746
IN,Martin County,747
IN,Miami County,748
IN,Monroe County,749
IN,Montgomery County,750
IN,Morgan County,751
IN,Newton County,752
IN,Noble County,753
IN,Ohio County,754
IN,Orange County,755
IN,Owen County,756
IN,Parke County,757
IN,Perry County,758
IN,Pike County,759
IN,Porter County,760
IN,Posey County,761
IN,Pulaski County,762
IN,Putnam County,763
IN,Randolph County,764
IN,Ripley County,765
IN,Rush County,766
IN,St. Joseph County,767
IN,Scott County,768
IN,Shelby County,769
IN,Spencer County,770
IN,Starke County,771
IN,Steuben County,772
IN,Sullivan County,773
IN,Switzerland County,774
IN,Tippecanoe County,775
IN,Tipton County,776
IN,Union County,777
IN,Vanderburgh County,778
IN,Vermillion County,779
IN,Vigo County,780
IN,Wabash County,781
IN,Warren County,782
IN,Warrick County,783
IN,Washington County,784
IN,Wayne County,785
IN,Wells County,786
IN,White County,787
IN,Whitley County,788
IA,Adair County,789
IA,Adams County,790
IA,Allamakee County,791
IA,Appanoose County,792
IA,Audubon County,793
IA,Benton County,794
IA,Black Hawk County,795
IA,Boone County,796
IA,Bremer County,797
IA,Buchanan County,798
IA,Buena Vista County,799
IA,Butler County,800
IA,Calhoun County,801
IA,Carroll County,802
IA,Cass County,803
IA,Cedar County,804
IA,Cerro Gordo County,805
IA,Cherokee County,806
IA,Chickasaw County,807
IA,Clarke County,808
IA,Clay County,809
IA,Clayton County,810
IA,Clinton County,811
IA,Crawford County,812
IA,Dallas County,813
IA,Davis County,814
IA,Decatur County,815
IA,Delaware County,816
IA,Des Moines County,817
IA,Dickinson County,818
IA,Dubuque County,819
IA,Emmet County,820
IA,Fayette County,821
IA,Floyd County,822
IA,Franklin County,823
IA,Fremont County,824
IA,Greene County,825
IA,Grundy County,826
IA,Guthrie County,827
IA,Hamilton County,828
IA,Hancock County,829
IA,Hardin County,830
IA,Harrison County,831
IA,Henry County,832
IA,Howard County,833
IA,Humboldt County,834
IA,Ida County,835
IA,Iowa County,836
IA,Jackson County,837
IA,Jasper County,838
IA,Jefferson County,839
IA,Johnson County,840
IA,Jones County,841
IA,Keokuk County,842
IA,Kossuth County,843
IA,Lee County,844
IA,Linn County,845
IA,Louisa County,846
IA,Lucas County,847
IA,Lyon County,848
IA,Madison County,849
IA,Mahaska County,850
IA,Marion County,851
IA,Marshall County,852
IA,Mills County,853
IA,Mitchell County,854
IA,Monona County,855
IA,Monroe County,856
IA,Montgomery County,857
IA,Muscatine County,858
IA,O'Brien County,859
IA,Osceola County,860
IA,Page County,861
IA,Palo Alto County,862
IA,Plymouth County,863
IA,Pocahontas County,864
IA,Polk County,865
IA,Pottawattamie County,866
IA,Poweshiek County,867
IA,Ringgold County,868
IA,Sac County,869
IA,Scott County,870
IA,Shelby County,871
IA,Sioux County,872
IA,Story County,873
IA,Tama County,874
IA,Taylor County,875
IA,Union County,876
IA,Van Buren County,877
IA,Wapello County,878
IA,Warren County,879
IA,Washington County,880
IA,Wayne County,881
IA,Webster County,882
IA,Winnebago County,883
IA,Winneshiek County,884
IA,Woodbury County,885
IA,Worth County,886
IA,Wright County,887
KS,Allen County,888
KS,Anderson County,889
KS,Atchison County,890
KS,Barber County,891
KS,Barton County,892
KS,Bourbon County,893
KS,Brown County,894
KS,Butler County,895
KS,Chase County,896
KS,Chautauqua County,897
KS,Cherokee County,898
KS,Cheyenne County,899
KS,Clark County,900
KS,Clay County,901
KS,Cloud County,902
KS,Coffey County,903
KS,Comanche County,904
KS,Cowley County,905
KS,Crawford County,906
KS,Decatur County,907
KS,Dickinson County,908
KS,Doniphan County,909
KS,Douglas County,910
KS,Edwards County,911
KS,Elk County,912
KS,Ellis County,913
KS,Ellsworth County,914
KS,Finney County,915
KS,Ford County,916
KS,Franklin County,917
KS,Geary County,918
KS,Gove County,919
KS,Graham County,920
KS,Grant County,921
KS,Gray County,922
KS,Greeley County,923
KS,Greenwood County,924
KS,Hamilton County,925
KS,Harper County,926
KS,Harvey County,927
KS,Haskell County,928
KS,Hodgeman County,929
KS,Jackson County,930
KS,Jefferson County,931
KS,Jewell County,932
KS,Johnson County,933
KS,Kearny County,934
KS,Kingman County,935
KS,Kiowa County,936
KS,Labette County,937
KS,Lane County,938
KS,Leavenworth County,939
KS,Lincoln County,940
KS,Linn County,941
KS,Logan County,942
KS,Lyon County,943
KS,McPherson County,944
KS,Marion County,945
KS,Marshall County,946
KS,Meade County,947
KS,Miami County,948
KS,Mitchell County,949
KS,Montgomery County,950
KS,Morris County,951
KS,Morton County,952
KS,Nemaha County,953
KS,Neosho County,954
KS,Ness County,955
KS,Norton County,956
KS,Osage County,957
KS,Osborne County,958
KS,Ottawa County,959
KS,Pawnee County,960
KS,Phillips County,961
KS,Pottawatomie County,962
KS,Pratt County,963
KS,Rawlins County,964
KS,Reno County,965
KS,Republic County,966
KS,Rice County,967
KS,Riley County,968
KS,Rooks County,969
KS,Rush County,970
KS,Russell County,971
KS,Saline County,972
KS,Scott County,973
KS,Sedgwick County,974
KS,Seward County,975
KS,Shawnee County,976
KS,Sheridan County,977
KS,Sherman County,978
KS,Smith County,979
KS,Stafford County,980
KS,Stanton County,981
KS,Stevens County,982
KS,Sumner County,983
KS,Thomas County,984
KS,Trego County,985
KS,Wabaunsee County,986
KS,Wallace County,987
KS,Washington County,988
KS,Wichita County,989
KS,Wilson County,990
KS,Woodson County,991
KS,Wyandotte County,992
KY,Adair County,993
KY,Allen County,994
KY,Anderson County,995
KY,Ballard County,996
KY,Barren County,997
KY,Bath County,998
KY,Bell County,999
KY,Boone County,1000
KY,Bourbon County,1001
KY,Boyd County,1002
KY,Boyle County,1003
KY,Bracken County,1004
KY,Breathitt County,1005
KY,Breckinridge County,1006
KY,Bullitt County,1007
KY,Butler County,1008
KY,Caldwell County,1009
KY,Calloway County,1010
KY,Campbell County,1011
KY,Carlisle County,1012
KY,Carroll County,1013
KY,Carter County,1014
KY,Casey County,1015
KY,Christian County,1016
KY,Clark County,1017
KY,Clay County,1018
KY,Clinton County,1019
KY,Crittenden County,1020
KY,Cumberland County,1021
KY,Daviess County,1022
KY,Edmonson County,1023
KY,Elliott County,1024
KY,Estill County,1025
KY,Fayette County,1026
KY,Fleming County,1027
KY,Floyd County,1028
KY,Franklin County,1029
KY,Fulton County,1030
KY,Gallatin County,1031
KY,Garrard County,1032
KY,Grant County,1033
KY,Graves County,1034
KY,Grayson County,1035
KY,Green County,1036
KY,Greenup County,1037
KY,Hancock County,1038
KY,Hardin County,1039
KY,Harlan County,1040
KY,Harrison County,1041
KY,Hart County,1042
KY,Henderson County,1043
KY,Henry County,1044
KY,Hickman County,1045
KY,Hopkins County,1046
KY,Jackson County,1047
KY,Jefferson County,1048
KY,Jessamine County,1049
KY,Johnson County,1050
KY,Kenton County,1051
KY,Knott County,1052
KY,Knox County,1053
KY,Larue County,1054
KY,Laurel County,1055
KY,Lawrence County,1056
KY,Lee County,1057
KY,Leslie County,1058
KY,Letcher County,1059
KY,Lewis County,1060
KY,Lincoln County,1061
KY,Livingston County,1062
KY,Logan County,1063
KY,Lyon County,1064
KY,McCracken County,1065
KY,McCreary County,1066
KY,McLean County,1067
KY,Madison County,1068
KY,Magoffin County,1069
KY,Marion County,1070
KY,Marshall County,1071
KY,Martin County,1072
KY,Mason County,1073
KY,Meade County,1074
KY,Menifee County,1075
KY,Mercer County,1076
KY,Metcalfe County,1077
KY,Monroe County,1078
KY,Montgomery County,1079
KY,Morgan County,1080
KY,Muhlenberg County,1081
KY,Nelson County,1082
KY,Nicholas County,1083
KY,Ohio County,1084
KY,Oldham County,1085
KY,Owen County,1086
KY,Owsley County,1087
KY,Pendleton County,1088
KY,Perry County,1089
KY,Pike County,1090
KY,Powell County,1091
KY,Pulaski County,1092
KY,Robertson County,1093
KY,Rockcastle County,1094
KY,Rowan County,1095
KY,Russell County,1096
KY,Scott County,1097
KY,Shelby County,1098
KY,Simpson County,1099
KY,Spencer County,1100
KY,Taylor County,1101
KY,Todd County,1102
KY,Trigg County,1103
KY,Trimble County,1104
KY,Union County,1105
KY,Warren County,1106
KY,Washington County,1107
KY,Wayne County,1108
KY,Webster County,1109
KY,Whitley County,1110
KY,Wolfe County,1111
KY,Woodford County,1112
LA,Acadia Parish,1113
LA,Allen Parish,1114
LA,Ascension Parish,1115
LA,Assumption Parish,1116
LA,Avoyelles Parish,1117
LA,Beauregard Parish,1118
LA,Bienville Parish,1119
LA,Bossier Parish,1120
LA,Caddo Parish,1121
LA,Calcasieu Parish,1122
LA,Caldwell Parish,1123
LA,Cameron Parish,1124
LA,Catahoula Parish,1125
LA,Claiborne Parish,1126
LA,Concordia Parish,1127
LA,De Soto Parish,1128
LA,East Baton Rouge Parish,1129
LA,East Carroll Parish,1130
LA,East Feliciana Parish,1131
LA,Evangeline Parish,1132
LA,Franklin Parish,1133
LA,Grant Parish,1134
LA,Iberia Parish,1135
LA,Iberville Parish,1136
LA,Jackson Parish,1137
LA,Jefferson Parish,1138
LA,Jefferson Davis Parish,1139
LA,Lafayette Parish,1140
LA,Lafourche Parish,1141
LA,La Salle Parish,1142
LA,Lincoln Parish,1143
LA,Livingston Parish,1144
LA,Madison Parish,1145
LA,Morehouse Parish,1146
LA,Natchitoches Parish,1147
LA,Orleans Parish,1148
LA,Ouachita Parish,1149
LA,Plaquemines Parish,1150
LA,Pointe Coupee Parish,1151
LA,Rapides Parish,1152
LA,Red River Parish,1153
LA,Richland Parish,1154
LA,Sabine Parish,1155
LA,St. Bernard Parish,1156
LA,St. Charles Parish,1157
LA,St. Helena Parish,1158
LA,St. James Parish,1159
LA,St. John the Baptist Parish,1160
LA,St. Landry Parish,1161
LA,St. Martin Parish,1162
LA,St. Mary Parish,1163
LA,St. Tammany Parish,1164
LA,Tangipahoa Parish,1165
LA,Tensas Parish,1166
LA,Terrebonne Parish,1167
LA,Union Parish,1168
LA,Vermilion Parish,1169
LA,Vernon Parish,1170
LA,Washington Parish,1171
LA,Webster Parish,1172
LA,West Baton Rouge Parish,1173
LA,West Carroll Parish,1174
LA,West Feliciana Parish,1175
LA,Winn Parish,1176
ME,Androscoggin County,1177
ME,Aroostook County,1178
ME,Cumberland County,1179
ME,Franklin County,1180
ME,Hancock County,1181
ME,Kennebec County,1182
ME,Knox County,1183
ME,Lincoln County,1184
ME,Oxford County,1185
ME,Penobscot County,1186
ME,Piscataquis County,1187
ME,Sagadahoc County,1188
ME,Somerset County,1189
ME,Waldo County,1190
ME,Washington County,1191
ME,York County,1192
MD,Allegany County,1193
MD,Anne Arundel County,1194
MD,Baltimore County,1195
MD,Calvert County,1196
MD,Caroline County,1197
MD,Carroll County,1198
MD,Cecil County,1199
MD,Charles County,1200
MD,Dorchester County,1201
MD,Frederick County,1202
MD,Garrett County,1203
MD,Harford County,1204
MD,Howard County,1205
MD,Kent County,1206
MD,Montgomery County,1207
MD,Prince George's County,1208
MD,Queen Anne's County,1209
MD,St. Mary's County,1210
MD,Somerset County,1211
MD,Talbot County,1212
MD,Washington County,1213
MD,Wicomico County,1214
MD,Worcester County,1215
MD,Baltimore city,1216
MA,Barnstable County,1217
MA,Berkshire County,1218
MA,Bristol County,1219
MA,Dukes County,1220
MA,Essex County,1221
MA,Franklin County,1222
MA,Hampden County,1223
MA,Hampshire County,1224
MA,Middlesex County,1225
MA,Nantucket County,1226
MA,Norfolk County,1227
MA,Plymouth County,1228
MA,Suffolk County,1229
MA,Worcester County,1230
MI,Alcona County,1231
MI,Alger County,1232
MI,Allegan County,1233
MI,Alpena County,1234
MI,Antrim County,1235
MI,Arenac County,1236
MI,Baraga County,1237
MI,Barry County,1238
MI,Bay County,1239
MI,Benzie County,1240
MI,Berrien County,1241
MI,Branch County,1242
MI,Calhoun County,1243
MI,Cass County,1244
MI,Charlevoix County,1245
MI,Cheboygan County,1246
MI,Chippewa County,1247
MI,Clare County,1248
MI,Clinton County,1249
MI,Crawford County,1250
MI,Delta County,1251
MI,Dickinson County,1252
MI,Eaton County,1253
MI,Emmet County,1254
MI,Genesee County,1255
MI,Gladwin County,1256
MI,Gogebic County,1257
MI,Grand Traverse County,1258
MI,Gratiot County,1259
MI,Hillsdale County,1260
MI,Houghton County,1261
MI,Huron County,1262
MI,Ingham County,1263
MI,Ionia County,1264
MI,Iosco County,1265
MI,Iron County,1266
MI,Isabella County,1267
MI,Jackson County,1268
MI,Kalamazoo County,1269
MI,Kalkaska County,1270
MI,Kent County,1271
MI,Keweenaw County,1272
MI,Lake County,1273
MI,Lapeer County,1274
MI,Leelanau County,1275
MI,Lenawee County,1276
MI,Livingston County,1277
MI,Luce County,1278
MI,Mackinac County,1279
MI,Macomb County,1280
MI,Manistee County,1281
MI,Marquette County,1282
MI,Mason County,1283
MI,Mecosta County,1284
MI,Menominee County,1285
MI,Midland County,1286
MI,Missaukee County,1287
MI,Monroe County,1288
MI,Montcalm County,1289
MI,Montmorency County,1290
MI,Muskegon County,1291
MI,Newaygo County,1292
MI,Oakland County,1293
MI,Oceana County,1294
MI,Ogemaw County,1295
MI,Ontonagon County,1296
MI,Osceola County,1297
MI,Oscoda County,1298
MI,Otsego County,1299
MI,Ottawa County,1300
MI,Presque Isle County,1301
MI,Roscommon County,1302
MI,Saginaw County,1303
MI,St. Clair County,1304
MI,St. Joseph County,1305
MI,Sanilac County,1306
MI,Schoolcraft County,1307
MI,Shiawassee County,1308
MI,Tuscola County,1309
MI,Van Buren County,1310
MI,Washtenaw County,1311
MI,Wayne County,1312
MI,Wexford County,1313
MN,Aitkin County,1314
MN,Anoka County,1315
MN,Becker County,1316
MN,Beltrami County,1317
MN,Benton County,1318
MN,Big Stone County,1319
MN,Blue Earth County,1320
MN,Brown County,1321
MN,Carlton County,1322
MN,Carver County,1323
MN,Cass County,1324
MN,Chippewa County,1325
MN,Chisago County,1326
MN,Clay County,1327
MN,Clearwater County,1328
MN,Cook County,1329
MN,Cottonwood County,1330
MN,Crow Wing County,1331
MN,Dakota County,1332
MN,Dodge County,1333
MN,Douglas County,1334
MN,Faribault County,1335
MN,Fillmore County,1336
MN,Freeborn County,1337
MN,Goodhue County,1338
MN,Grant County,1339
MN,Hennepin County,1340
MN,Houston County,1341
MN,Hubbard County,1342
MN,Isanti County,1343
MN,Itasca County,1344
MN,Jackson County,1345
MN,Kanabec County,1346
MN,Kandiyohi County,1347
MN,Kittson County,1348
MN,Koochiching County,1349
MN,Lac qui Parle County,1350
MN,Lake County,1351
MN,Lake of the Woods County,1352
MN,Le Sueur County,1353
MN,Lincoln County,1354
MN,Lyon County,1355
MN,McLeod County,1356
MN,Mahnomen County,1357
MN,Marshall County,1358
MN,Martin County,1359
MN,Meeker County,1360
MN,Mille Lacs County,1361
MN,Morrison County,1362
MN,Mower County,1363
MN,Murray County,1364
MN,Nicollet County,1365
MN,Nobles County,1366
MN,Norman County,1367
MN,Olmsted County,1368
MN,Otter Tail County,1369
MN,Pennington County,1370
MN,Pine County,1371
MN,Pipestone County,1372
MN,Polk County,1373
MN,Pope County,1374
MN,Ramsey County,1375
MN,Red Lake County,1376
MN,Redwood County,1377
MN,Renville County,1378
MN,Rice County,1379
MN,Rock County,1380
MN,Roseau County,1381
MN,St. Louis County,1382
MN,Scott County,1383
MN,Sherburne County,1384
MN,Sibley County,1385
MN,Stearns County,1386
MN,Steele County,1387
MN,Stevens County,1388
MN,Swift County,1389
MN,Todd County,1390
MN,Traverse County,1391
MN,Wabasha County,1392
MN,Wadena County,1393
MN,Waseca County,1394
MN,Washington County,1395
MN,Watonwan County,1396
MN,Wilkin County,1397
MN,Winona County,1398
MN,Wright County,1399
MN,Yellow Medicine County,1400
MS,Adams County,1401
MS,Alcorn County,1402
MS,Amite County,1403
MS,Attala County,1404
MS,Benton County,1405
MS,Bolivar County,1406
MS,Calhoun County,1407
MS,Carroll County,1408
MS,Chickasaw County,1409
MS,Choctaw County,1410
MS,Claiborne County,1411
MS,Clarke County,1412
MS,Clay County,1413
MS,Coahoma County,1414
MS,Copiah County,1415
MS,Covington County,1416
MS,DeSoto County,1417
MS,Forrest County,1418
MS,Franklin County,1419
MS,George County,1420
MS,Greene County,1421
MS,Grenada County,1422
MS,Hancock County,1423
MS,Harrison County,1424
MS,Hinds County,1425
MS,Holmes County,1426
MS,Humphreys County,1427
MS,Issaquena County,1428
MS,Itawamba County,1429
MS,Jackson County,1430
MS,Jasper County,1431
MS,Jefferson County,1432
MS,Jefferson Davis County,1433
MS,Jones County,1434
MS,Kemper County,1435
MS,Lafayette County,1436
MS,Lamar County,1437
MS,Lauderdale County,1438
MS,Lawrence County,1439
MS,Leake County,1440
MS,Lee County,1441
MS,Leflore County,1442
MS,Lincoln County,1443
MS,Lowndes County,1444
MS,Madison County,1445
MS,Marion County,1446
MS,Marshall County,1447
MS,Monroe County,1448
MS,Montgomery County,1449
MS,Neshoba County,1450
MS,Newton County,1451
MS,Noxubee County,1452
MS,Oktibbeha County,1453
MS,Panola County,1454
MS,Pearl River County,1455
MS,Perry County,1456
MS,Pike County,1457
MS,Pontotoc County,1458
MS,Prentiss County,1459
MS,Quitman County,1460
MS,Rankin County,1461
MS,Scott County,1462
MS,Sharkey County,1463
MS,Simpson County,1464
MS,Smith County,1465
MS,Stone County,1466
MS,Sunflower County,1467
MS,Tallahatchie County,1468
MS,Tate County,1469
MS,Tippah County,1470
MS,Tishomingo County,1471
MS,Tunica County,1472
MS,Union County,1473
MS,Walthall County,1474
MS,Warren County,1475
MS,Washington County,1476
MS,Wayne County,1477
MS,Webster County,1478
MS,Wilkinson County,1479
MS,Winston County,1480
MS,Yalobusha County,1481
MS,Yazoo County,1482
MO,Adair County,1483
MO,Andrew County,1484
MO,Atchison County,1485
MO,Audrain County,1486
MO,Barry County,1487
MO,Barton County,1488
MO,Bates County,1489
MO,Benton County,1490
MO,Bollinger County,1491
MO,Boone County,1492
MO,Buchanan County,1493
MO,Butler County,1494
MO,Caldwell County,1495
MO,Callaway County,1496
MO,Camden County,1497
MO,Cape Girardeau County,1498
MO,Carroll County,1499
MO,Carter County,1500
MO,Cass County,1501
MO,Cedar County,1502
MO,Chariton County,1503
MO,Christian County,1504
MO,Clark County,1505
MO,Clay County,1506
MO,Clinton County,1507
MO,Cole County,1508
MO,Cooper County,1509
MO,Crawford County,1510
MO,Dade County,1511
MO,Dallas County,1512
MO,Daviess County,1513
MO,DeKalb County,1514
MO,Dent County,1515
MO,Douglas County,1516
MO,Dunklin County,1517
MO,Franklin County,1518
MO,Gasconade County,1519
MO,Gentry County,1520
MO,Greene County,1521
MO,Grundy County,1522
MO,Harrison County,1523
MO,Henry County,1524
MO,Hickory County,1525
MO,Holt County,1526
MO,Howard County,1527
MO,Howell County,1528
MO,Iron County,1529
MO,Jackson County,1530
MO,Jasper County,1531
MO,Jefferson County,1532
MO,Johnson County,1533
MO,Knox County,1534
MO,Laclede County,1535
MO,Lafayette County,1536
MO,Lawrence County,1537
MO,Lewis County,1538
MO,Lincoln County,1539
MO,Linn County,1540
MO,Livingston County,1541
MO,McDonald County,1542
MO,Macon County,1543
MO,Madison County,1544
MO,Maries County,1545
MO,Marion County,1546
MO,Mercer County,1547
MO,Miller County,1548
MO,Mississippi County,1549
MO,Moniteau County,1550
MO,Monroe County,1551
MO,Montgomery County,1552
MO,Morgan County,1553
MO,New Madrid County,1554
MO,Newton County,1555
MO,Nodaway County,1556
MO,Oregon County,1557
MO,Osage County,1558
MO,Ozark County,1559
MO,Pemiscot County,1560
MO,Perry County,1561
MO,Pettis County,1562
MO,Phelps County,1563
MO,Pike County,1564
MO,Platte County,1565
MO,Polk County,1566
MO,Pulaski County,1567
MO,Putnam County,1568
MO,Ralls County,1569
MO,Randolph County,1570
MO,Ray County,1571
MO,Reynolds County,1572
MO,Ripley County,1573
MO,St. Charles County,1574
MO,St. Clair County,1575
MO,Ste. Genevieve County,1576
MO,St. Francois County,1577
MO,St. Louis County,1578
MO,Saline County,1579
MO,Schuyler County,1580
MO,Scotland County,1581
MO,Scott County,1582
MO,Shannon County,1583
MO,Shelby County,1584
MO,Stoddard County,1585
MO,Stone County,1586
MO,Sullivan County,1587
MO,Taney County,1588
MO,Texas County,1589
MO,Vernon County,1590
MO,Warren County,1591
MO,Washington County,1592
MO,Wayne County,1593
MO,Webster County,1594
MO,Worth County,1595
MO,Wright County,1596
MO,St. Louis city,1597
MT,Beaverhead County,1598
MT,Big Horn County,1599
MT,Blaine County,1600
MT,Broadwater County,1601
MT,Carbon County,1602
MT,Carter County,1603
MT,Cascade County,1604
MT,Chouteau County,1605
MT,Custer County,1606
MT,Daniels County,1607
MT,Dawson County,1608
MT,Deer Lodge County,1609
MT,Fallon County,1610
MT,Fergus County,1611
MT,Flathead County,1612
MT,Gallatin County,1613
MT,Garfield County,1614
MT,Glacier County,1615
MT,Golden Valley County,1616
MT,Granite County,1617
MT,Hill County,1618
MT,Jefferson County,1619
MT,Judith Basin County,1620
MT,Lake County,1621
MT,Lewis and Clark County,1622
MT,Liberty County,1623
MT,Lincoln County,1624
MT,McCone County,1625
MT,Madison County,1626
MT,Meagher County,1627
MT,Mineral County,1628
MT,Missoula County,1629
MT,Musselshell County,1630
MT,Park County,1631
MT,Petroleum County,1632
MT,Phillips County,1633
MT,Pondera County,1634
MT,Powder River County,1635
MT,Powell County,1636
MT,Prairie County,1637
MT,Ravalli County,1638
MT,Richland County,1639
MT,Roosevelt County,1640
MT,Rosebud County,1641
MT,Sanders County,1642
MT,Sheridan County,1643
MT,Silver Bow County,1644
MT,Stillwater County,1645
MT,Sweet Grass County,1646
MT,Teton County,1647
MT,Toole County,1648
MT,Treasure County,1649
MT,Valley County,1650
MT,Wheatland County,1651
MT,Wibaux County,1652
MT,Yellowstone County,1653
NE,Adams County,1654
NE,Antelope County,1655
NE,Arthur County,1656
NE,Banner County,1657
NE,Blaine County,1658
NE,Boone County,1659
NE,Box Butte County,1660
NE,Boyd County,1661
NE,Brown County,1662
NE,Buffalo County,1663
NE,Burt County,1664
NE,Butler County,1665
NE,Cass County,1666
NE,Cedar County,1667
NE,Chase County,1668
NE,Cherry County,1669
NE,Cheyenne County,1670
NE,Clay County,1671
NE,Colfax County,1672
NE,Cuming County,1673
NE,Custer County,1674
NE,Dakota County,1675
NE,Dawes County,1676
NE,Dawson County,1677
NE,Deuel County,1678
NE,Dixon County,1679
NE,Dodge County,1680
NE,Douglas County,1681
NE,Dundy County,1682
NE,Fillmore County,1683
NE,Franklin County,1684
NE,Frontier County,1685
NE,Furnas County,1686
NE,Gage County,1687
NE,Garden County,1688
NE,Garfield County,1689
NE,Gosper County,1690
NE,Grant County,1691
NE,Greeley County,1692
NE,Hall County,1693
NE,Hamilton County,1694
NE,Harlan County,1695
NE,Hayes County,1696
NE,Hitchcock County,1697
NE,Holt County,1698
NE,Hooker County,1699
NE,Howard County,1700
NE,Jefferson County,1701
NE,Johnson County,1702
NE,Kearney County,1703
NE,Keith County,1704
NE,Keya Paha County,1705
NE,Kimball County,1706
NE,Knox County,1707
NE,Lancaster County,1708
NE,Lincoln County,1709
NE,Logan County,1710
NE,Loup County,1711
NE,McPherson County,1712
NE,Madison County,1713
NE,Merrick County,1714
NE,Morrill County,1715
NE,Nance County,1716
NE,Nemaha County,1717
NE,Nuckolls County,1718
NE,Otoe County,1719
NE,Pawnee County,1720
NE,Perkins County,1721
NE,Phelps County,1722
NE,Pierce County,1723
NE,Platte County,1724
NE,Polk County,1725
NE,Red Willow County,1726
NE,Richardson County,1727
NE,Rock County,1728
NE,Saline County,1729
NE,Sarpy County,1730
NE,Saunders County,1731
NE,Scotts Bluff County,1732
NE,Seward County,1733
NE,Sheridan County,1734
NE,Sherman County,1735
NE,Sioux County,1736
NE,Stanton County,1737
NE,Thayer County,1738
NE,Thomas County,1739
NE,Thurston County,1740
NE,Valley County,1741
NE,Washington County,1742
NE,Wayne County,1743
NE,Webster County,1744
NE,Wheeler County,1745
NE,York County,1746
NV,Churchill County,1747
NV,Clark County,1748
NV,Douglas County,1749
NV,Elko County,1750
NV,Esmeralda County,1751
NV,Eureka County,1752
NV,Humboldt County,1753
NV,Lander County,1754
NV,Lincoln County,1755
NV,Lyon County,1756
NV,Mineral County,1757
NV,Nye County,1758
NV,Pershing County,1759
NV,Storey County,1760
NV,Washoe County,1761
NV,White Pine County,1762
NV,Carson City,1763
NH,Belknap County,1764
NH,Carroll County,1765
NH,Cheshire County,1766
NH,Coos County,1767
NH,Grafton County,1768
NH,Hillsborough County,1769
NH,Merrimack County,1770
NH,Rockingham County,1771
NH,Strafford County,1772
NH,Sullivan County,1773
NJ,Atlantic County,1774
NJ,Bergen County,1775
NJ,Burlington County,1776
NJ,Camden County,1777
NJ,Cape May County,1778
NJ,Cumberland County,1779
NJ,Essex County,1780
NJ,Gloucester County,1781
NJ,Hudson County,1782
NJ,Hunterdon County,1783
NJ,Mercer County,1784
NJ,Middlesex County,1785
NJ,Monmouth County,1786
NJ,Morris County,1787
NJ,Ocean County,1788
NJ,Passaic County,1789
NJ,Salem County,1790
NJ,Somerset County,1791
NJ,Sussex County,1792
NJ,Union County,1793
NJ,Warren County,1794
NM,Bernalillo County,1795
NM,Catron County,1796
NM,Chaves County,1797
NM,Cibola County,1798
NM,Colfax County,1799
NM,Curry County,1800
NM,De Baca County,1801
NM,Dona Ana County,1802
NM,Eddy County,1803
NM,Grant County,1804
NM,Guadalupe County,1805
NM,Harding County,1806
NM,Hidalgo County,1807
NM,Lea County,1808
NM,Lincoln County,1809
NM,Los Alamos County,1810
NM,Luna County,1811
NM,McKinley County,1812
NM,Mora County,1813
NM,Otero County,1814
NM,Quay County,1815
NM,Rio Arriba County,1816
NM,Roosevelt County,1817
NM,Sandoval County,1818
NM,San Juan County,1819
NM,San Miguel County,1820
NM,Santa Fe County,1821
NM,Sierra County,1822
NM,Socorro County,1823
NM,Taos County,1824
NM,Torrance County,1825
NM,Union County,1826
NM,Valencia County,1827
NY,Albany County,1828
NY,Allegany County,1829
NY,Bronx County,1830
NY,Broome County,1831
NY,Cattaraugus County,1832
NY,Cayuga County,1833
NY,Chautauqua County,1834
NY,Chemung County,1835
NY,Chenango County,1836
NY,Clinton County,1837
NY,Columbia County,1838
NY,Cortland County,1839
NY,Delaware County,1840
NY,Dutchess County,1841
NY,Erie County,1842
NY,Essex County,1843
NY,Franklin County,1844
NY,Fulton County,1845
NY,Genesee County,1846
NY,Greene County,1847
NY,Hamilton County,1848
NY,Herkimer County,1849
NY,Jefferson County,1850
NY,Kings County,1851
NY,Lewis County,1852
NY,Livingston County,1853
NY,Madison County,1854
NY,Monroe County,1855
NY,Montgomery County,1856
NY,Nassau County,1857
NY,New York County,1858
NY,Niagara County,1859
NY,Oneida County,1860
NY,Onondaga County,1861
NY,Ontario County,1862
NY,Orange County,1863
NY,Orleans County,1864
NY,Oswego County,1865
NY,Otsego County,1866
NY,Putnam County,1867
NY,Queens County,1868
NY,Rensselaer County,1869
NY,Richmond County,1870
NY,Rockland County,1871
NY,St. Lawrence County,1872
NY,Saratoga County,1873
NY,Schenectady County,1874
NY,Schoharie County,1875
NY,Schuyler County,1876
NY,Seneca County,1877
NY,Steuben County,1878
NY,Suffolk County,1879
NY,Sullivan County,1880
NY,Tioga County,1881
NY,Tompkins County,1882
NY,Ulster County,1883
NY,Warren County,1884
NY,Washington County,1885
NY,Wayne County,1886
NY,Westchester County,1887
NY,Wyoming County,1888
NY,Yates County,1889
NC,Alamance County,1890
NC,Alexander County,1891
NC,Alleghany County,1892
NC,Anson County,1893
NC,Ashe County,1894
NC,Avery County,1895
NC,Beaufort County,1896
NC,Bertie County,1897
NC,Bladen County,1898
NC,Brunswick County,1899
NC,Buncombe County,1900
NC,Burke County,1901
NC,Cabarrus County,1902
NC,Caldwell County,1903
NC,Camden County,1904
NC,Carteret County,1905
NC,Caswell County,1906
NC,Catawba County,1907
NC,Chatham County,1908
NC,Cherokee County,1909
NC,Chowan County,1910
NC,Clay County,1911
NC,Cleveland County,1912
NC,Columbus County,1913
NC,Craven County,1914
NC,Cumberland County,1915
NC,Currituck County,1916
NC,Dare County,1917
NC,Davidson County,1918
NC,Davie County,1919
NC,Duplin County,1920
NC,Durham County,1921
NC,Edgecombe County,1922
NC,Forsyth County,1923
NC,Franklin County,1924
NC,Gaston County,1925
NC,Gates County,1926
NC,Graham County,1927
NC,Granville County,1928
NC,Greene County,1929
NC,Guilford County,1930
NC,Halifax County,1931
NC,Harnett County,1932
NC,Haywood County,1933
NC,Henderson County,1934
NC,Hertford County,1935
NC,Hoke County,1936
NC,Hyde County,1937
NC,Iredell County,1938
NC,Jackson County,1939
NC,Johnston County,1940
NC,Jones County,1941
NC,Lee County,1942
NC,Lenoir County,1943
NC,Lincoln County,1944
NC,McDowell County,1945
NC,Macon County,1946
NC,Madison County,1947
NC,Martin County,1948
NC,Mecklenburg County,1949
NC,Mitchell County,1950
NC,Montgomery County,1951
NC,Moore County,1952
NC,Nash County,1953
NC,New Hanover County,1954
NC,Northampton County,1955
NC,Onslow County,1956
NC,Orange County,1957
NC,Pamlico County,1958
NC,Pasquotank County,1959
NC,Pender County,1960
NC,Perquimans County,1961
NC,Person County,1962
NC,Pitt County,1963
NC,Polk County,1964
NC,Randolph County,1965
NC,Richmond County,1966
NC,Robeson County,1967
NC,Rockingham County,1968
NC,Rowan County,1969
NC,Rutherford County,1970
NC,Sampson County,1971
NC,Scotland County,1972
NC,Stanly County,1973
NC,Stokes County,1974
NC,Surry County,1975
NC,Swain County,1976
NC,Transylvania County,1977
NC,Tyrrell County,1978
NC,Union County,1979
NC,Vance County,1980
NC,Wake County,1981
NC,Warren County,1982
NC,Washington County,1983
NC,Watauga County,1984
NC,Wayne County,1985
NC,Wilkes County,1986
NC,Wilson County,1987
NC,Yadkin County,1988
NC,Yancey County,1989
ND,Adams County,1990
ND,Barnes County,1991
ND,Benson County,1992
ND,Billings County,1993
ND,Bottineau County,1994
ND,Bowman County,1995
ND,Burke County,1996
ND,Burleigh County,1997
ND,Cass County,1998
ND,Cavalier County,1999
ND,Dickey County,2000
ND,Divide County,2001
ND,Dunn County,2002
ND,Eddy County,2003
ND,Emmons County,2004
ND,Foster County,2005
ND,Golden Valley County,2006
ND,Grand Forks County,2007
ND,Grant County,2008
ND,Griggs County,2009
ND,Hettinger County,2010
ND,Kidder County,2011
ND,LaMoure County,2012
ND,Logan County,2013
ND,McHenry County,2014
ND,McIntosh County,2015
ND,McKenzie County,2016
ND,McLean County,2017
ND,Mercer County,2018
ND,Morton County,2019
ND,Mountrail County,2020
ND,Nelson County,2021
ND,Oliver County,2022
ND,Pembina County,2023
ND,Pierce County,2024
ND,Ramsey County,2025
ND,Ransom County,2026
ND,Renville County,2027
ND,Richland County,2028
ND,Rolette County,2029
ND,Sargent County,2030
ND,Sheridan County,2031
ND,Sioux County,2032
ND,Slope County,2033
ND,Stark County,2034
ND,Steele County,2035
ND,Stutsman County,2036
ND,Towner County,2037
ND,Traill County,2038
ND,Walsh County,2039
ND,Ward County,2040
ND,Wells County,2041
ND,Williams County,2042
OH,Adams County,2043
OH,Allen County,2044
OH,Ashland County,2045
OH,Ashtabula County,2046
OH,Athens County,2047
OH,Auglaize County,2048
OH,Belmont County,2049
OH,Brown County,2050
OH,Butler County,2051
OH,Carroll County,2052
OH,Champaign County,2053
OH,Clark County,2054
OH,Clermont County,2055
OH,Clinton County,2056
OH,Columbiana County,2057
OH,Coshocton County,2058
OH,Crawford County,2059
OH,Cuyahoga County,2060
OH,Darke County,2061
OH,Defiance County,2062
OH,Delaware County,2063
OH,Erie County,2064
OH,Fairfield County,2065
OH,Fayette County,2066
OH,Franklin County,2067
OH,Fulton County,2068
OH,Gallia County,2069
OH,Geauga County,2070
OH,Greene County,2071
OH,Guernsey County,2072
OH,Hamilton County,2073
OH,Hancock County,2074
OH,Hardin County,2075
OH,Harrison County,2076
OH,Henry County,2077
OH,Highland County,2078
OH,Hocking County,2079
OH,Holmes County,2080
OH,Huron County,2081
OH,Jackson County,2082
OH,Jefferson County,2083
OH,Knox County,2084
OH,Lake County,2085
OH,Lawrence County,2086
OH,Licking County,2087
OH,Logan County,2088
OH,Lorain County,2089
OH,Lucas County,2090
OH,Madison County,2091
OH,Mahoning County,2092
OH,Marion County,2093
OH,Medina County,2094
OH,Meigs County,2095
OH,Mercer County,2096
OH,Miami County,2097
OH,Monroe County,2098
OH,Montgomery County,2099
OH,Morgan County,2100
OH,Morrow County,2101
OH,Muskingum County,2102
OH,Noble County,2103
OH,Ottawa County,2104
OH,Paulding County,2105
OH,Perry County,2106
OH,Pickaway County,2107
OH,Pike County,2108
OH,Portage County,2109
OH,Preble County,2110
OH,Putnam County,2111
OH,Richland County,2112
OH,Ross County,2113
OH,Sandusky County,2114
OH,Scioto County,2115
OH,Seneca County,2116
OH,Shelby County,2117
OH,Stark County,2118
OH,Summit County,2119
OH,Trumbull County,2120
OH,Tuscarawas County,2121
OH,Union County,2122
OH,Van Wert County,2123
OH,Vinton County,2124
OH,Warren County,2125
OH,Washington County,2126
OH,Wayne County,2127
OH,Williams County,2128
OH,Wood County,2129
OH,Wyandot County,2130
OK,Adair County,2131
OK,Alfalfa County,2132
OK,Atoka County,2133
OK,Beaver County,2134
OK,Beckham County,2135
OK,Blaine County,2136
OK,Bryan County,2137
OK,Caddo County,2138
OK,Canadian County,2139
OK,Carter County,2140
OK,Cherokee County,2141
OK,Choctaw County,2142
OK,Cimarron County,2143
OK,Cleveland County,2144
OK,Coal County,2145
OK,Comanche County,2146
OK,Cotton County,2147
OK,Craig County,2148
OK,Creek County,2149
OK,Custer County,2150
OK,Delaware County,2151
OK,Dewey County,2152
OK,Ellis County,2153
OK,Garfield County,2154
OK,Garvin County,2155
OK,Grady County,2156
OK,Grant County,2157
OK,Greer County,2158
OK,Harmon County,2159
OK,Harper County,2160
OK,Haskell County,2161
OK,Hughes County,2162
OK,Jackson County,2163
OK,Jefferson County,2164
OK,Johnston County,2165
OK,Kay County,2166
OK,Kingfisher County,2167
OK,Kiowa County,2168
OK,Latimer County,2169
OK,Le Flore County,2170
OK,Lincoln County,2171
OK,Logan County,2172
OK,Love County,2173
OK,McClain County,2174
OK,McCurtain County,2175
OK,McIntosh County,2176
OK,Major County,2177
OK,Marshall County,2178
OK,Mayes County,2179
OK,Murray County,2180
OK,Muskogee County,2181
OK,Noble County,2182
OK,Nowata County,2183
OK,Okfuskee County,2184
OK,Oklahoma County,2185
OK,Okmulgee County,2186
OK,Osage County,2187
OK,Ottawa County,2188
OK,Pawnee County,2189
OK,Payne County,2190
OK,Pittsburg County,2191
OK,Pontotoc County,2192
OK,Pottawatomie County,2193
OK,Pushmataha County,2194
OK,Roger Mills County,2195
OK,Rogers County,2196
OK,Seminole County,2197
OK,Sequoyah County,2198
OK,Stephens County,2199
OK,Texas County,2200
OK,Tillman County,2201
OK,Tulsa County,2202
OK,Wagoner County,2203
OK,Washington County,2204
OK,Washita County,2205
OK,Woods County,2206
OK,Woodward County,2207
OR,Baker County,2208
OR,Benton County,2209
OR,Clackamas County,2210
OR,Clatsop County,2211
OR,Columbia County,2212
OR,Coos County,2213
OR,Crook County,2214
OR,Curry County,2215
OR,Deschutes County,2216
OR,Douglas County,2217
OR,Gilliam County,2218
OR,Grant County,2219
OR,Harney County,2220
OR,Hood River County,2221
OR,Jackson County,2222
OR,Jefferson County,2223
OR,Josephine County,2224
OR,Klamath County,2225
OR,Lake County,2226
OR,Lane County,2227
OR,Lincoln County,2228
OR,Linn County,2229
OR,Malheur County,2230
OR,Marion County,2231
OR,Morrow County,2232
OR,Multnomah County,2233
OR,Polk County,2234
OR,Sherman County,2235
OR,Tillamook County,2236
OR,Umatilla County,2237
OR,Union County,2238
OR,Wallowa County,2239
OR,Wasco County,2240
OR,Washington County,2241
OR,Wheeler County,2242
OR,Yamhill County,2243
PA,Adams County,2244
PA,Allegheny County,2245
PA,Armstrong County,2246
PA,Beaver County,2247
PA,Bedford County,2248
PA,Berks County,2249
PA,Blair County,2250
PA,Bradford County,2251
PA,Bucks County,2252
PA,Butler County,2253
PA,Cambria County,2254
PA,Cameron County,2255
PA,Carbon County,2256
PA,Centre County,2257
PA,Chester County,2258
PA,Clarion County,2259
PA,Clearfield County,2260
PA,Clinton County,2261
PA,Columbia County,2262
PA,Crawford County,2263
PA,Cumberland County,2264
PA,Dauphin County,2265
PA,Delaware County,2266
PA,Elk County,2267
PA,Erie County,2268
PA,Fayette County,2269
PA,Forest County,2270
PA,Franklin County,2271
PA,Fulton County,2272
PA,Greene County,2273
PA,Huntingdon County,2274
PA,Indiana County,2275
PA,Jefferson County,2276
PA,Juniata County,2277
PA,Lackawanna County,2278
PA,Lancaster County,2279
PA,Lawrence County,2280
PA,Lebanon County,2281
PA,Lehigh County,2282
PA,Luzerne County,2283
PA,Lycoming County,2284
PA,McKean County,2285
PA,Mercer County,2286
PA,Mifflin County,2287
PA,Monroe County,2288
PA,Montgomery County,2289
PA,Montour County,2290
PA,Northampton County,2291
PA,Northumberland County,2292
PA,Perry County,2293
PA,Philadelphia County,2294
PA,Pike County,2295
PA,Potter County,2296
PA,Schuylkill County,2297
PA,Snyder County,2298
PA,Somerset County,2299
PA,Sullivan County,2300
PA,Susquehanna County,2301
PA,Tioga County,2302
PA,Union County,2303
PA,Venango County,2304
PA,Warren County,2305
PA,Washington County,2306
PA,Wayne County,2307
PA,Westmoreland County,2308
PA,Wyoming County,2309
PA,York County,2310
RI,Bristol County,2311
RI,Kent County,2312
RI,Newport County,2313
RI,Providence County,2314
RI,Washington County,2315
SC,Abbeville County,2316
SC,Aiken County,2317
SC,Allendale County,2318
SC,Anderson County,2319
SC,Bamberg County,2320
SC,Barnwell County,2321
SC,Beaufort County,2322
SC,Berkeley County,2323
SC,Calhoun County,2324
SC,Charleston County,2325
SC,Cherokee County,2326
SC,Chester County,2327
SC,Chesterfield County,2328
SC,Clarendon County,2329
SC,Colleton County,2330
SC,Darlington County,2331
SC,Dillon County,2332
SC,Dorchester County,2333
SC,Edgefield County,2334
SC,Fairfield County,2335
SC,Florence County,2336
SC,Georgetown County,2337
SC,Greenville County,2338
SC,Greenwood County,2339
SC,Hampton County,2340
SC,Horry County,2341
SC,Jasper County,2342
SC,Kershaw County,2343
SC,Lancaster County,2344
SC,Laurens County,2345
SC,Lee County,2346
SC,Lexington County,2347
SC,McCormick County,2348
SC,Marion County,2349
SC,Marlboro County,2350
SC,Newberry County,2351
SC,Oconee County,2352
SC,Orangeburg County,2353
SC,Pickens County,2354
SC,Richland County,2355
SC,Saluda County,2356
SC,Spartanburg County,2357
SC,Sumter County,2358
SC,Union County,2359
SC,Williamsburg County,2360
SC,York County,2361
SD,Aurora County,2362
SD,Beadle County,2363
SD,Bennett County,2364
SD,Bon Homme County,2365
SD,Brookings County,2366
SD,Brown County,2367
SD,Brule County,2368
SD,Buffalo County,2369
SD,Butte County,2370
SD,Campbell County,2371
SD,Charles Mix County,2372
SD,Clark County,2373
SD,Clay County,2374
SD,Codington County,2375
SD,Corson County,2376
SD,Custer County,2377
SD,Davison County,2378
SD,Day County,2379
SD,Deuel County,2380
SD,Dewey County,2381
SD,Douglas County,2382
SD,Edmunds County,2383
SD,Fall River County,2384
SD,Faulk County,2385
SD,Grant County,2386
SD,Gregory County,2387
SD,Haakon County,2388
SD,Hamlin County,2389
SD,Hand County,2390
SD,Hanson County,2391
SD,Harding County,2392
SD,Hughes County,2393
SD,Hutchinson County,2394
SD,Hyde County,2395
SD,Jackson County,2396
SD,Jerauld County,2397
SD,Jones County,2398
SD,Kingsbury County,2399
SD,Lake County,2400
SD,Lawrence County,2401
SD,Lincoln County,2402
SD,Lyman County,2403
SD,McCook County,2404
SD,McPherson County,2405
SD,Marshall County,2406
SD,Meade County,2407
SD,Mellette County,2408
SD,Miner County,2409
SD,Minnehaha County,2410
SD,Moody County,2411
SD,Pennington County,2412
SD,Perkins County,2413
SD,Potter County,2414
SD,Roberts County,2415
SD,Sanborn County,2416
SD,Shannon County,2417
SD,Spink County,2418
SD,Stanley County,2419
SD,Sully County,2420
SD,Todd County,2421
SD,Tripp County,2422
SD,Turner County,2423
SD,Union County,2424
SD,Walworth County,2425
SD,Yankton County,2426
SD,Ziebach County,2427
TN,Anderson County,2428
TN,Bedford County,2429
TN,Benton County,2430
TN,Bledsoe County,2431
TN,Blount County,2432
TN,Bradley County,2433
TN,Campbell County,2434
TN,Cannon County,2435
TN,Carroll County,2436
TN,Carter County,2437
TN,Cheatham County,2438
TN,Chester County,2439
TN,Claiborne County,2440
TN,Clay County,2441
TN,Cocke County,2442
TN,Coffee County,2443
TN,Crockett County,2444
TN,Cumberland County,2445
TN,Davidson County,2446
TN,Decatur County,2447
TN,DeKalb County,2448
TN,Dickson County,2449
TN,Dyer County,2450
TN,Fayette County,2451
TN,Fentress County,2452
TN,Franklin County,2453
TN,Gibson County,2454
TN,Giles County,2455
TN,Grainger County,2456
TN,Greene County,2457
TN,Grundy County,2458
TN,Hamblen County,2459
TN,Hamilton County,2460
TN,Hancock County,2461
TN,Hardeman County,2462
TN,Hardin County,2463
TN,Hawkins County,2464
TN,Haywood County,2465
TN,Henderson County,2466
TN,Henry County,2467
TN,Hickman County,2468
TN,Houston County,2469
TN,Humphreys County,2470
TN,Jackson County,2471
TN,Jefferson County,2472
TN,Johnson County,2473
TN,Knox County,2474
TN,Lake County,2475
TN,Lauderdale County,2476
TN,Lawrence County,2477
TN,Lewis County,2478
TN,Lincoln County,2479
TN,Loudon County,2480
TN,McMinn County,2481
TN,McNairy County,2482
TN,Macon County,2483
TN,Madison County,2484
TN,Marion County,2485
TN,Marshall County,2486
TN,Maury County,2487
TN,Meigs County,2488
TN,Monroe County,2489
TN,Montgomery County,2490
TN,Moore County,2491
TN,Morgan County,2492
TN,Obion County,2493
TN,Overton County,2494
TN,Perry County,2495
TN,Pickett County,2496
TN,Polk County,2497
TN,Putnam County,2498
TN,Rhea County,2499
TN,Roane County,2500
TN,Robertson County,2501
TN,Rutherford County,2502
TN,Scott County,2503
TN,Sequatchie County,2504
TN,Sevier County,2505
TN,Shelby County,2506
TN,Smith County,2507
TN,Stewart County,2508
TN,Sullivan County,2509
TN,Sumner County,2510
TN,Tipton County,2511
TN,Trousdale County,2512
TN,Unicoi County,2513
TN,Union County,2514
TN,Van Buren County,2515
TN,Warren County,2516
TN,Washington County,2517
TN,Wayne County,2518
TN,Weakley County,2519
TN,White County,2520
TN,Williamson County,2521
TN,Wilson County,2522
TX,Anderson County,2523
TX,Andrews County,2524
TX,Angelina County,2525
TX,Aransas County,2526
TX,Archer County,2527
TX,Armstrong County,2528
TX,Atascosa County,2529
TX,Austin County,2530
TX,Bailey County,2531
TX,Bandera County,2532
TX,Bastrop County,2533
TX,Baylor County,2534
TX,Bee County,2535
TX,Bell County,2536
TX,Bexar County,2537
TX,Blanco County,2538
TX,Borden County,2539
TX,Bosque County,2540
TX,Bowie County,2541
TX,Brazoria County,2542
TX,Brazos County,2543
TX,Brewster County,2544
TX,Briscoe County,2545
TX,Brooks County,2546
TX,Brown County,2547
TX,Burleson County,2548
TX,Burnet County,2549
TX,Caldwell County,2550
TX,Calhoun County,2551
TX,Callahan County,2552
TX,Cameron County,2553
TX,Camp County,2554
TX,Carson County,2555
TX,Cass County,2556
TX,Castro County,2557
TX,Chambers County,2558
TX,Cherokee County,2559
TX,Childress County,2560
TX,Clay County,2561
TX,Cochran County,2562
TX,Coke County,2563
TX,Coleman County,2564
TX,Collin County,2565
TX,Collingsworth County,2566
TX,Colorado County,2567
TX,Comal County,2568
TX,Comanche County,2569
TX,Concho County,2570
TX,Cooke County,2571
TX,Coryell County,2572
TX,Cottle County,2573
TX,Crane County,2574
TX,Crockett County,2575
TX,Crosby County,2576
TX,Culberson County,2577
TX,Dallam County,2578
TX,Dallas County,2579
TX,Dawson County,2580
TX,Deaf Smith County,2581
TX,Delta County,2582
TX,Denton County,2583
TX,DeWitt County,2584
TX,Dickens County,2585
TX,Dimmit County,2586
TX,Donley County,2587
TX,Duval County,2588
TX,Eastland County,2589
TX,Ector County,2590
TX,Edwards County,2591
TX,Ellis County,2592
TX,El Paso County,2593
TX,Erath County,2594
TX,Falls County,2595
TX,Fannin County,2596
TX,Fayette County,2597
TX,Fisher County,2598
TX,Floyd County,2599
TX,Foard County,2600
TX,Fort Bend County,2601
TX,Franklin County,2602
TX,Freestone County,2603
TX,Frio County,2604
TX,Gaines County,2605
TX,Galveston County,2606
TX,Garza County,2607
TX,Gillespie County,2608
TX,Glasscock County,2609
TX,Goliad County,2610
TX,Gonzales County,2611
TX,Gray County,2612
TX,Grayson County,2613
TX,Gregg County,2614
TX,Grimes County,2615
TX,Guadalupe County,2616
TX,Hale County,2617
TX,Hall County,2618
TX,Hamilton County,2619
TX,Hansford County,2620
TX,Hardeman County,2621
TX,Hardin County,2622
TX,Harris County,2623
TX,Harrison County,2624
TX,Hartley County,2625
TX,Haskell County,2626
TX,Hays County,2627
TX,Hemphill County,2628
TX,Henderson County,2629
TX,Hidalgo County,2630
TX,Hill County,2631
TX,Hockley County,2632
TX,Hood County,2633
TX,Hopkins County,2634
TX,Houston County,2635
TX,Howard County,2636
TX,Hudspeth County,2637
TX,Hunt County,2638
TX,Hutchinson County,2639
TX,Irion County,2640
TX,Jack County,2641
TX,Jackson County,2642
TX,Jasper County,2643
TX,Jeff Davis County,2644
TX,Jefferson County,2645
TX,Jim Hogg County,2646
TX,Jim Wells County,2647
TX,Johnson County,2648
TX,Jones County,2649
TX,Karnes County,2650
TX,Kaufman County,2651
TX,Kendall County,2652
TX,Kenedy County,2653
TX,Kent County,2654
TX,Kerr County,2655
TX,Kimble County,2656
TX,King County,2657
TX,Kinney County,2658
TX,Kleberg County,2659
TX,Knox County,2660
TX,Lamar County,2661
TX,Lamb County,2662
TX,Lampasas County,2663
TX,La Salle County,2664
TX,Lavaca County,2665
TX,Lee County,2666
TX,Leon County,2667
TX,Liberty County,2668
TX,Limestone County,2669
TX,Lipscomb County,2670
TX,Live Oak County,2671
TX,Llano County,2672
TX,Loving County,2673
TX,Lubbock County,2674
TX,Lynn County,2675
TX,McCulloch County,2676
TX,McLennan County,2677
TX,McMullen County,2678
TX,Madison County,2679
TX,Marion County,2680
TX,Martin County,2681
TX,Mason County,2682
TX,Matagorda County,2683
TX,Maverick County,2684
TX,Medina County,2685
TX,Menard County,2686
TX,Midland County,2687
TX,Milam County,2688
TX,Mills County,2689
TX,Mitchell County,2690
TX,Montague County,2691
TX,Montgomery County,2692
TX,Moore County,2693
TX,Morris County,2694
TX,Motley County,2695
TX,Nacogdoches County,2696
TX,Navarro County,2697
TX,Newton County,2698
TX,Nolan County,2699
TX,Nueces County,2700
TX,Ochiltree County,2701
TX,Oldham County,2702
TX,Orange County,2703
TX,Palo Pinto County,2704
TX,Panola County,2705
TX,Parker County,2706
TX,Parmer County,2707
TX,Pecos County,2708
TX,Polk County,2709
TX,Potter County,2710
TX,Presidio County,2711
TX,Rains County,2712
TX,Randall County,2713
TX,Reagan County,2714
TX,Real County,2715
TX,Red River County,2716
TX,Reeves County,2717
TX,Refugio County,2718
TX,Roberts County,2719
TX,Robertson County,2720
TX,Rockwall County,2721
TX,Runnels County,2722
TX,Rusk County,2723
TX,Sabine County,2724
TX,San Augustine County,2725
TX,San Jacinto County,2726
TX,San Patricio County,2727
TX,San Saba County,2728
TX,Schleicher County,2729
TX,Scurry County,2730
TX,Shackelford County,2731
TX,Shelby County,2732
TX,Sherman County,2733
TX,Smith County,2734
TX,Somervell County,2735
TX,Starr County,2736
TX,Stephens County,2737
TX,Sterling County,2738
TX,Stonewall County,2739
TX,Sutton County,2740
TX,Swisher County,2741
TX,Tarrant County,2742
TX,Taylor County,2743
TX,Terrell County,2744
TX,Terry County,2745
TX,Throckmorton County,2746
TX,Titus County,2747
TX,Tom Green County,2748
TX,Travis County,2749
TX,Trinity County,2750
TX,Tyler County,2751
TX,Upshur County,2752
TX,Upton County,2753
TX,Uvalde County,2754
TX,Val Verde County,2755
TX,Van Zandt County,2756
TX,Victoria County,2757
TX,Walker County,2758
TX,Waller County,2759
TX,Ward County,2760
TX,Washington County,2761
TX,Webb County,2762
TX,Wharton County,2763
TX,Wheeler County,2764
TX,Wichita County,2765
TX,Wilbarger County,2766
TX,Willacy County,2767
TX,Williamson County,2768
TX,Wilson County,2769
TX,Winkler County,2770
TX,Wise County,2771
TX,Wood County,2772
TX,Yoakum County,2773
TX,Young County,2774
TX,Zapata County,2775
TX,Zavala County,2776
UT,Beaver County,2777
UT,Box Elder County,2778
UT,Cache County,2779
UT,Carbon County,2780
UT,Daggett County,2781
UT,Davis County,2782
UT,Duchesne County,2783
UT,Emery County,2784
UT,Garfield County,2785
UT,Grand County,2786
UT,Iron County,2787
UT,Juab County,2788
UT,Kane County,2789
UT,Millard County,2790
UT,Morgan County,2791
UT,Piute County,2792
UT,Rich County,2793
UT,Salt Lake County,2794
UT,San Juan County,2795
UT,Sanpete County,2796
UT,Sevier County,2797
UT,Summit County,2798
UT,Tooele County,2799
UT,Uintah County,2800
UT,Utah County,2801
UT,Wasatch County,2802
UT,Washington County,2803
UT,Wayne County,2804
UT,Weber County,2805
VT,Addison County,2806
VT,Bennington County,2807
VT,Caledonia County,2808
VT,Chittenden County,2809
VT,Essex County,2810
VT,Franklin County,2811
VT,Grand Isle County,2812
VT,Lamoille County,2813
VT,Orange County,2814
VT,Orleans County,2815
VT,Rutland County,2816
VT,Washington County,2817
VT,Windham County,2818
VT,Windsor County,2819
VA,Accomack County,2820
VA,Albemarle County,2821
VA,Alleghany County,2822
VA,Amelia County,2823
VA,Amherst County,2824
VA,Appomattox County,2825
VA,Arlington County,2826
VA,Augusta County,2827
VA,Bath County,2828
VA,Bedford County,2829
VA,Bland County,2830
VA,Botetourt County,2831
VA,Brunswick County,2832
VA,Buchanan County,2833
VA,Buckingham County,2834
VA,Campbell County,2835
VA,Caroline County,2836
VA,Carroll County,2837
VA,Charles City County,2838
VA,Charlotte County,2839
VA,Chesterfield County,2840
VA,Clarke County,2841
VA,Craig County,2842
VA,Culpeper County,2843
VA,Cumberland County,2844
VA,Dickenson County,2845
VA,Dinwiddie County,2846
VA,Essex County,2847
VA,Fairfax County,2848
VA,Fauquier County,2849
VA,Floyd County,2850
VA,Fluvanna County,2851
VA,Franklin County,2852
VA,Frederick County,2853
VA,Giles County,2854
VA,Gloucester County,2855
VA,Goochland County,2856
VA,Grayson County,2857
VA,Greene County,2858
VA,Greensville County,2859
VA,Halifax County,2860
VA,Hanover County,2861
VA,Henrico County,2862
VA,Henry County,2863
VA,Highland County,2864
VA,Isle of Wight County,2865
VA,James City County,2866
VA,King and Queen County,2867
VA,King George County,2868
VA,King William County,2869
VA,Lancaster County,2870
VA,Lee County,2871
VA,Loudoun County,2872
VA,Louisa County,2873
VA,Lunenburg County,2874
VA,Madison County,2875
VA,Mathews County,2876
VA,Mecklenburg County,2877
VA,Middlesex County,2878
VA,Montgomery County,2879
VA,Nelson County,2880
VA,New Kent County,2881
VA,Northampton County,2882
VA,Northumberland County,2883
VA,Nottoway County,2884
VA,Orange County,2885
VA,Page County,2886
VA,Patrick County,2887
VA,Pittsylvania County,2888
VA,Powhatan County,2889
VA,Prince Edward County,2890
VA,Prince George County,2891
VA,Prince William County,2892
VA,Pulaski County,2893
VA,Rappahannock County,2894
VA,Richmond County,2895
VA,Roanoke County,2896
VA,Rockbridge County,2897
VA,Rockingham County,2898
VA,Russell County,2899
VA,Scott County,2900
VA,Shenandoah County,2901
VA,Smyth County,2902
VA,Southampton County,2903
VA,Spotsylvania County,2904
VA,Stafford County,2905
VA,Surry County,2906
VA,Sussex County,2907
VA,Tazewell County,2908
VA,Warren County,2909
VA,Washington County,2910
VA,Westmoreland County,2911
VA,Wise County,2912
VA,Wythe County,2913
VA,York County,2914
VA,Alexandria city,2915
VA,Bedford city,2916
VA,Bristol city,2917
VA,Buena Vista city,2918
VA,Charlottesville city,2919
VA,Chesapeake city,2920
VA,Colonial Heights city,2921
VA,Covington city,2922
VA,Danville city,2923
VA,Emporia city,2924
VA,Fairfax city,2925
VA,Falls Church city,2926
VA,Franklin city,2927
VA,Fredericksburg city,2928
VA,Galax city,2929
VA,Hampton city,2930
VA,Harrisonburg city,2931
VA,Hopewell city,2932
VA,Lexington city,2933
VA,Lynchburg city,2934
VA,Manassas city,2935
VA,Manassas Park city,2936
VA,Martinsville city,2937
VA,Newport News city,2938
VA,Norfolk city,2939
VA,Norton city,2940
VA,Petersburg city,2941
VA,Poquoson city,2942
VA,Portsmouth city,2943
VA,Radford city,2944
VA,Richmond city,2945
VA,Roanoke city,2946
VA,Salem city,2947
VA,Staunton city,2948
VA,Suffolk city,2949
VA,Virginia Beach city,2950
VA,Waynesboro city,2951
VA,Williamsburg city,2952
VA,Winchester city,2953
WA,Adams County,2954
WA,Asotin County,2955
WA,Benton County,2956
WA,Chelan County,2957
WA,Clallam County,2958
WA,Clark County,2959
WA,Columbia County,2960
WA,Cowlitz County,2961
WA,Douglas County,2962
WA,Ferry County,2963
WA,Franklin County,2964
WA,Garfield County,2965
WA,Grant County,2966
WA,Grays Harbor County,2967
WA,Island County,2968
WA,Jefferson County,2969
WA,King County,2970
WA,Kitsap County,2971
WA,Kittitas County,2972
WA,Klickitat County,2973
WA,Lewis County,2974
WA,Lincoln County,2975
WA,Mason County,2976
WA,Okanogan County,2977
WA,Pacific County,2978
WA,Pend Oreille County,2979
WA,Pierce County,2980
WA,San Juan County,2981
WA,Skagit County,2982
WA,Skamania County,2983
WA,Snohomish County,2984
WA,Spokane County,2985
WA,Stevens County,2986
WA,Thurston County,2987
WA,Wahkiakum County,2988
WA,Walla Walla County,2989
WA,Whatcom County,2990
WA,Whitman County,2991
WA,Yakima County,2992
WV,Barbour County,2993
WV,Berkeley County,2994
WV,Boone County,2995
WV,Braxton County,2996
WV,Brooke County,2997
WV,Cabell County,2998
WV,Calhoun County,2999
WV,Clay County,3000
WV,Doddridge County,3001
WV,Fayette County,3002
WV,Gilmer County,3003
WV,Grant County,3004
WV,Greenbrier County,3005
WV,Hampshire County,3006
WV,Hancock County,3007
WV,Hardy County,3008
WV,Harrison County,3009
WV,Jackson County,3010
WV,Jefferson County,3011
WV,Kanawha County,3012
WV,Lewis County,3013
WV,Lincoln County,3014
WV,Logan County,3015
WV,McDowell County,3016
WV,Marion County,3017
WV,Marshall County,3018
WV,Mason County,3019
WV,Mercer County,3020
WV,Mineral County,3021
WV,Mingo County,3022
WV,Monongalia County,3023
WV,Monroe County,3024
WV,Morgan County,3025
WV,Nicholas County,3026
WV,Ohio County,3027
WV,Pendleton County,3028
WV,Pleasants County,3029
WV,Pocahontas County,3030
WV,Preston County,3031
WV,Putnam County,3032
WV,Raleigh County,3033
WV,Randolph County,3034
WV,Ritchie County,3035
WV,Roane County,3036
WV,Summers County,3037
WV,Taylor County,3038
WV,Tucker County,3039
WV,Tyler County,3040
WV,Upshur County,3041
WV,Wayne County,3042
WV,Webster County,3043
WV,Wetzel County,3044
WV,Wirt County,3045
WV,Wood County,3046
WV,Wyoming County,3047
WI,Adams County,3048
WI,Ashland County,3049
WI,Barron County,3050
WI,Bayfield County,3051
WI,Brown County,3052
WI,Buffalo County,3053
WI,Burnett County,3054
WI,Calumet County,3055
WI,Chippewa County,3056
WI,Clark County,3057
WI,Columbia County,3058
WI,Crawford County,3059
WI,Dane County,3060
WI,Dodge County,3061
WI,Door County,3062
WI,Douglas County,3063
WI,Dunn County,3064
WI,Eau Claire County,3065
WI,Florence County,3066
WI,Fond du Lac County,3067
WI,Forest County,3068
WI,Grant County,3069
WI,Green County,3070
WI,Green Lake County,3071
WI,Iowa County,3072
WI,Iron County,3073
WI,Jackson County,3074
WI,Jefferson County,3075
WI,Juneau County,3076
WI,Kenosha County,3077
WI,Kewaunee County,3078
WI,La Crosse County,3079
WI,Lafayette County,3080
WI,Langlade County,3081
WI,Lincoln County,3082
WI,Manitowoc County,3083
WI,Marathon County,3084
WI,Marinette County,3085
WI,Marquette County,3086
WI,Menominee County,3087
WI,Milwaukee County,3088
WI,Monroe County,3089
WI,Oconto County,3090
WI,Oneida County,3091
WI,Outagamie County,3092
WI,Ozaukee County,3093
WI,Pepin County,3094
WI,Pierce County,3095
WI,Polk County,3096
WI,Portage County,3097
WI,Price County,3098
WI,Racine County,3099
WI,Richland County,3100
WI,Rock County,3101
WI,Rusk County,3102
WI,St. Croix County,3103
WI,Sauk County,3104
WI,Sawyer County,3105
WI,Shawano County,3106
WI,Sheboygan County,3107
WI,Taylor County,3108
WI,Trempealeau County,3109
WI,Vernon County,3110
WI,Vilas County,3111
WI,Walworth County,3112
WI,Washburn County,3113
WI,Washington County,3114
WI,Waukesha County,3115
WI,Waupaca County,3116
WI,Waushara County,3117
WI,Winnebago County,3118
WI,Wood County,3119
WY,Albany County,3120
WY,Big Horn County,3121
WY,Campbell County,3122
WY,Carbon County,3123
WY,Converse County,3124
WY,Crook County,3125
WY,Fremont County,3126
WY,Goshen County,3127
WY,Hot Springs County,3128
WY,Johnson County,3129
WY,Laramie County,3130
WY,Lincoln County,3131
WY,Natrona County,3132
WY,Niobrara County,3133
WY,Park County,3134
WY,Platte County,3135
WY,Sheridan County,3136
WY,Sublette County,3137
WY,Sweetwater County,3138
WY,Teton County,3139
WY,Uinta County,3140
WY,Washakie County,3141
WY,Weston County,3142
AS,Eastern District,3143
AS,Manu'a District,3144
AS,Rose Island,3145
AS,Swains Island,3146
AS,Western District,3147
GU,Guam,3148
MP,Northern Islands Municipality,3149
MP,Rota Municipality,3150
MP,Saipan Municipality,3151
MP,Tinian Municipality,3152
PR,Adjuntas Municipio,3153
PR,Aguada Municipio,3154
PR,Aguadilla Municipio,3155
PR,Aguas Buenas Municipio,3156
PR,Aibonito Municipio,3157
PR,Anasco Municipio,3158
PR,Arecibo Municipio,3159
PR,Arroyo Municipio,3160
PR,Barceloneta Municipio,3161
PR,Barranquitas Municipio,3162
PR,Bayamon Municipio,3163
PR,Cabo Rojo Municipio,3164
PR,Caguas Municipio,3165
PR,Camuy Municipio,3166
PR,Canovanas Municipio,3167
PR,Carolina Municipio,3168
PR,Catano Municipio,3169
PR,Cayey Municipio,3170
PR,Ceiba Municipio,3171
PR,Ciales Municipio,3172
PR,Cidra Municipio,3173
PR,Coamo Municipio,3174
PR,Comerio Municipio,3175
PR,Corozal Municipio,3176
PR,Culebra Municipio,3177
PR,Dorado Municipio,3178
PR,Fajardo Municipio,3179
PR,Florida Municipio,3180
PR,Guanica Municipio,3181
PR,Guayama Municipio,3182
PR,Guayanilla Municipio,3183
PR,Guaynabo Municipio,3184
PR,Gurabo Municipio,3185
PR,Hatillo Municipio,3186
PR,Hormigueros Municipio,3187
PR,Humacao Municipio,3188
PR,Isabela Municipio,3189
PR,Jayuya Municipio,3190
PR,Juana Diaz Municipio,3191
PR,Juncos Municipio,3192
PR,Lajas Municipio,3193
PR,Lares Municipio,3194
PR,Las Marias Municipio,3195
PR,Las Piedras Municipio,3196
PR,Loiza Municipio,3197
PR,Luquillo Municipio,3198
PR,Manati Municipio,3199
PR,Maricao Municipio,3200
PR,Maunabo Municipio,3201
PR,Mayaguez Municipio,3202
PR,Moca Municipio,3203
PR,Morovis Municipio,3204
PR,Naguabo Municipio,3205
PR,Naranjito Municipio,3206
PR,Orocovis Municipio,3207
PR,Patillas Municipio,3208
PR,Penuelas Municipio,3209
PR,Ponce Municipio,3210
PR,Quebradillas Municipio,3211
PR,Rincon Municipio,3212
PR,Rio Grande Municipio,3213
PR,Sabana Grande Municipio,3214
PR,Salinas Municipio,3215
PR,San German Municipio,3216
PR,San Juan Municipio,3217
PR,San Lorenzo Municipio,3218
PR,San Sebastian Municipio,3219
PR,Santa Isabel Municipio,3220
PR,Toa Alta Municipio,3221
PR,Toa Baja Municipio,3222
PR,Trujillo Alto Municipio,3223
PR,Utuado Municipio,3224
PR,Vega Alta Municipio,3225
PR,Vega Baja Municipio,3226
PR,Vieques Municipio,3227
PR,Villalba Municipio,3228
PR,Yabucoa Municipio,3229
PR,Yauco Municipio,3230
UM,Midway Islands,3231
VI,St. Croix Island,3232
VI,St. John Island,3233
VI,St. Thomas Island,3234
